    DEPTH,    RHOB,             NPHI,             CALI,             GR,               DT,               SP,               SFLU,             ILM,              ILD
    3039.000, 2.64281915,       0.03063660,       9.52150538,       35.69518717,      -999.25000000,    -999.25000000,    -999.25000000,    -999.25000000,    -999.25000000
    3039.500, 2.65877660,       0.02108753,       9.46774194,       38.10160428,      -999.25000000,    -999.25000000,    -999.25000000,    -999.25000000,    -999.25000000
    3040.000, 2.65127256,       0.02267905,       9.47040508,       38.90801792,      -999.25000000,    -999.25000000,    -999.25000000,    -999.25000000,    -999.25000000
    3040.500, 2.65816969,       0.01312997,       9.56365833,       35.51820217,      -999.25000000,    -999.25000000,    -999.25000000,    -999.25000000,    -999.25000000
    3041.000, 2.66128945,       0.00835544,       9.70703664,       35.61916139,      -999.25000000,    -999.25000000,    -999.25000000,    -999.25000000,    -999.25000000
    3041.500, 2.64307643,       0.00517241,       10.28941352,      37.91471653,      53.03191489,      35.88709677,      58.38088005,      35.67523923,      41.35595147
    3042.000, 2.72299904,       0.00517241,       10.66058442,      36.47755663,      53.03191489,      35.88709677,      58.38088005,      35.67523923,      41.35595147
    3042.500, 2.69320866,       0.01472149,       10.61070512,      40.07937447,      53.56382979,      39.11290323,      61.32831205,      37.47634846,      46.77501688
    3043.000, 2.67472634,       0.02586207,       10.90544907,      45.47364684,      54.32635135,      41.77945368,      56.21916276,      34.36780820,      44.12440940
    3043.500, 2.57139365,       0.04018568,       11.19043232,      47.70043311,      55.13746908,      44.55187450,      50.36159943,      34.01556943,      35.91677141
    3044.000, 2.52667303,       0.03063660,       11.15174678,      45.33124680,      56.28298155,      47.62571986,      40.84984599,      24.73844303,      31.41982354
    3044.500, 2.65842086,       0.01177711,       10.91961203,      43.70742849,      56.22340426,      50.48571804,      30.02621458,      31.54212571,      32.41168672
    3045.000, 2.69415084,       0.01910237,       10.96225554,      45.19173812,      54.62765957,      52.82025856,      72.86640140,      36.56470561,      33.82862877
    3045.500, 2.65012476,       0.01990858,       10.87779920,      40.63572635,      54.09574468,      55.05123214,      52.90905695,      42.48886886,      44.69613239
    3046.000, 2.62721030,       0.02876253,       10.84362305,      38.08206787,      54.62765957,      56.70552620,      58.72941479,      37.51380907,      36.34984176
    3046.500, 2.64471321,       0.02098621,       10.96060995,      39.49956070,      57.28723404,      57.03308106,      36.56470561,      25.27168931,      29.29580234
    3047.000, 2.50573658,       0.02586207,       10.85645928,      41.52162415,      57.28723404,      58.28434591,      24.65693479,      24.65693479,      24.05713467
    3047.500, 2.52210827,       0.02904509,       10.97817562,      39.98814227,      55.69148936,      58.47121956,      47.94122644,      18.80580930,      21.06529636
    3048.000, 2.37815931,       0.07257255,       10.84200024,      49.89911678,      57.28723404,      58.69171121,      23.58048073,      22.37065212,      20.47078129
    3048.500, 2.57412678,       0.03984770,       10.98722929,      49.69422338,      57.28723404,      59.47390448,      21.27002320,      17.01217045,      19.89304491
    3049.000, 2.42650016,       0.16273210,       11.46832634,      46.79432114,      57.28933496,      57.42839573,      34.80740984,      21.28418488,      19.34033253
    3049.500, 2.57290881,       0.08474801,       11.47378053,      42.23942707,      53.50030080,      57.50721086,      24.65693479,      12.93721532,      18.79174327
    3050.000, 2.46814112,       0.16750663,       11.15867255,      44.05702812,      61.54255319,      56.24870974,      13.59760522,      16.59391704,      14.65193086
    3050.500, 2.59708931,       0.04018568,       11.01534789,      58.08752610,      57.28723404,      56.91299934,      7.20753487,       7.11838293,       10.08631897
    3051.000, 2.48757686,       0.15159151,       11.09408479,      36.48746440,      68.81848216,      56.90293006,      9.73701888,       15.02123607,      12.30889834
    3051.500, 2.27525884,       0.29094101,       11.35051447,      56.79903257,      57.14724680,      54.61340128,      30.13822799,      10.60118272,      9.83834137
    3052.000, 2.38236610,       0.20380839,       11.10009839,      58.81985428,      64.61072862,      56.02114936,      21.61182314,      4.66227153,       7.29780337
    3052.500, 2.56328141,       0.02745358,       10.76162918,      37.84936583,      80.49425326,      54.38487541,      4.32678316,       5.15039819,       5.68963033
    3053.000, 2.58901447,       0.06724138,       11.56284330,      36.07874729,      68.98936170,      52.82437243,      7.86365751,       8.26506383,       9.13039266
    3053.500, 2.05698774,       0.15159151,       12.94415282,      51.16156378,      57.28723404,      52.75445485,      39.85614005,      15.02123607,      16.59391704
    3054.000, 2.15047571,       0.05450928,       11.85667953,      52.41704895,      53.03191489,      54.42830380,      22.34386702,      9.83834137,       15.39984970
    3054.500, 2.41688000,       0.05610080,       11.84539611,      53.09456801,      61.01063830,      56.20810437,      9.36052626,       13.26330074,      12.61914689
    3055.000, 2.58591946,       0.04336870,       11.72103502,      54.80382797,      58.88297872,      56.00949818,      23.47192519,      16.59391704,      16.18594662
    3055.500, 2.40055117,       0.07997347,       11.73935986,      54.41169151,      57.81914894,      56.07870120,      22.90095140,      17.44096603,      16.61495232
    3056.000, 2.33674654,       0.04177719,       11.82848577,      51.15612003,      57.81914894,      56.83117790,      26.54756226,      12.30889834,      16.58503343
    3056.500, 2.43421108,       0.09429708,       11.97949495,      54.81905197,      57.81914894,      57.04132359,      13.94033591,      16.07033231,      16.61636933
    3057.000, 2.19943067,       0.14045093,       12.59291450,      55.64024527,      53.03191489,      57.66485757,      21.80033417,      11.94626009,      13.59760522
    3057.500, 2.13070771,       0.20888594,       13.74744765,      57.53366617,      61.54255319,      57.66278994,      10.86838791,      9.13039266,       11.56623889
    3058.000, 2.32260871,       0.27277573,       13.24596104,      61.16515938,      59.41489362,      57.66129032,      8.47338662,       6.94337364,       7.67032524
    3058.500, 2.28524187,       0.28494675,       12.73621734,      67.94279220,      65.79787234,      57.66356047,      6.77266704,       5.68963033,       6.13079059
    3059.000, 2.24903164,       0.24549072,       12.35099595,      65.16377439,      74.30851064,      57.67301701,      4.90026069,       5.41330414,       5.41330414
    3059.500, 2.35786991,       0.19933687,       11.92701323,      62.97325732,      66.86170213,      58.50928429,      4.77978513,       5.68963033,       5.98006179
    3060.000, 2.36363396,       0.20490716,       12.37509925,      58.51155076,      70.58510638,      58.63784519,      5.83303874,       5.98006179,       6.28531854
    3060.500, 2.25585096,       0.12294430,       12.43747927,      50.40131179,      68.45744681,      60.71079573,      7.11838293,       7.48174615,       6.13079059
    3061.000, 2.25049638,       0.11657825,       12.43738933,      48.83829249,      66.30986480,      59.33708154,      10.86838791,      10.34054691,      9.59646043
    3061.500, 2.31542898,       0.14363395,       12.32078551,      52.72094899,      62.15069247,      58.25305735,      12.30889834,      8.90591702,       10.08631897
    3062.000, 2.43465706,       0.08156499,       11.95785581,      54.83306879,      66.86170213,      56.83935841,      9.13039266,       9.13039266,       9.36052626
    3062.500, 2.52714460,       0.04258686,       11.60566261,      49.42856529,      63.13829787,      55.83040949,      10.34054691,      12.30889834,      10.86838791
    3063.000, 2.63037955,       0.04485577,       11.45262579,      47.97504015,      57.84476545,      53.80070160,      16.18594662,      16.68206899,      15.04589331
    3063.500, 2.57858750,       0.16114058,       12.10032157,      71.43994160,      56.05589097,      52.00647726,      22.90095140,      16.66461236,      15.04147749
    3064.000, 2.45828122,       0.14204244,       12.60184960,      77.78606521,      77.50000000,      51.03375095,      6.69046649,       7.11838293,       11.16212088
    3064.500, 2.40528087,       0.44764881,       12.21537929,      69.24702840,      70.58510638,      53.76768394,      8.44826602,       8.06186277,       8.25025388
    3065.000, 2.23089857,       0.44488039,       12.16763924,      101.09856946,     64.20212766,      51.37165178,      10.59551815,      4.32678316,       5.13239945
    3065.500, 2.60003772,       0.01940005,       11.77709210,      59.59801740,      79.62765957,      49.76010359,      3.29038118,       3.63487479,       5.28021513
    3066.000, 2.49205367,       0.02498826,       11.30352718,      45.30110096,      80.69148936,      48.73004182,      5.68963033,       9.59646043,       5.83303874
    3066.500, 2.18846075,       0.18459448,       11.89741489,      69.33377820,      63.67021277,      46.58044121,      53.44677177,      11.42317296,      12.93721532
    3067.000, 2.24353613,       0.41578249,       12.25906385,      75.53836947,      64.20212766,      44.48673693,      10.09223130,      7.48174615,       15.02123607
    3067.500, 2.31220150,       0.32347480,       13.18160533,      150.32406808,     72.26918004,      41.80592556,      3.91671425,       3.20948538,       4.11664587
    3068.000, 2.38590743,       0.08996349,       13.49950460,      58.74904600,      77.46362017,      37.67661616,      2.83387929,       3.82041971,       3.82041971
    3068.500, 2.28917940,       0.17788125,       13.21692843,      78.65308764,      65.79787234,      37.45510693,      9.36052626,       5.86615212,       5.83303874
    3069.000, 2.29436852,       0.23116711,       13.52931170,      111.84708050,     63.13829787,      38.36496020,      11.71109660,      5.17253194,       5.28021513
    3069.500, 2.31566133,       0.31551724,       12.52319225,      133.22707958,     89.20212766,      40.03139331,      3.05361148,       3.62016995,       3.82041971
    3070.000, 2.29912699,       0.40782493,       11.54116882,      142.13684228,     82.81914894,      41.41975751,      2.90530785,       2.44071170,       2.76420683
    3070.500, 2.32452271,       0.25026525,       11.03868644,      111.83326478,     102.76595745,     42.87238105,      2.44071170,       2.05041045,       2.20939435
    3071.000, 2.27784864,       0.18660477,       11.84229237,      81.66225168,      100.37234043,     41.19959282,      2.05041045,       2.10209151,       2.00000000
    3071.500, 2.26218761,       0.21206897,       12.36755410,      81.60181225,      84.41489362,      33.22512135,      2.10209151,       2.15507519,       1.59857383
    3072.000, 2.30498160,       0.18342175,       11.19168291,      81.87679985,      85.47872340,      29.28366617,      1.72252340,       1.81256727,       1.48354343
    3072.500, 2.32706958,       0.21047745,       11.83197729,      71.54066926,      82.28723404,      26.16653269,      1.55927203,       1.63671871,       1.48354343
    3073.000, 2.27001688,       0.22957560,       11.92944930,      85.94425875,      80.69148936,      24.79553896,      2.32217455,       1.63608214,       1.41149273
    3073.500, 2.29817386,       0.24389920,       11.42411257,      89.51060773,      86.54255319,      25.34180109,      1.55927203,       1.52093648,       1.34294128
    3074.000, 2.22410739,       0.27732095,       10.95040554,      88.03901315,      81.13354039,      26.17710126,      1.63886624,       1.48354343,       1.41149273
    3074.500, 2.14936482,       0.28381534,       11.46898277,      86.09966654,      87.21202253,      27.80853684,      1.48354343,       1.52093648,       1.41149273
    3075.000, 2.12956132,       0.27577661,       12.38595473,      92.66534128,      91.23242342,      29.75514545,      1.59857383,       1.72792369,       1.52093648
    3075.500, 2.21651027,       0.30763643,       12.08346613,      102.04124594,     83.88297872,      30.96873651,      1.76593999,       1.76504994,       1.68017423
    3076.000, 2.24941214,       0.30140969,       11.56357585,      107.45374620,     89.73404255,      32.67939315,      1.81045091,       1.85855076,       2.00000000
    3076.500, 2.26223195,       0.33782633,       11.84678746,      112.73814395,     92.39361702,      38.81607884,      1.95082892,       1.95618749,       2.20939435
    3077.000, 2.27766352,       0.32665782,       12.40978114,      116.38221424,     90.79787234,      42.26519346,      2.05041045,       1.99839356,       2.38070548
    3077.500, 2.31341126,       0.34098143,       11.39795060,      119.87228942,     91.86170213,      44.48707497,      2.15507519,       1.99796285,       2.50223038
    3078.000, 2.34714422,       0.34257294,       11.52571753,      121.08295193,     91.86170213,      46.34225453,      2.20939435,       2.05159800,       2.56529966
    3078.500, 2.35331810,       0.32188329,       11.60048791,      121.43965055,     90.79787234,      48.04149097,      2.38314623,       2.10003900,       2.62862875
    3079.000, 2.37265012,       0.33302387,       11.00940655,      123.08259223,     92.92553191,      48.91958347,      2.37802999,       2.09634655,       2.62828581
    3079.500, 2.35865692,       0.32984085,       10.63119714,      121.34459663,     91.32978723,      50.50752596,      2.37674443,       2.14960599,       2.63721200
    3080.000, 2.35873960,       0.35371353,       10.24060719,      118.64837860,     89.20212766,      51.17336115,      2.62995862,       2.26508263,       2.49803201
    3080.500, 2.35152636,       0.34416446,       10.24790475,      116.79101957,     89.73404255,      51.20871781,      2.20939435,       1.90286673,       2.50628830
    3081.000, 2.34095004,       0.36007958,       10.48987538,      115.90328843,     95.05319149,      51.97432835,      2.20939435,       1.81045091,       2.37554318
    3081.500, 2.35894298,       0.34416446,       10.54597707,      115.37143442,     94.52127660,      53.68870696,      2.32217455,       1.90286673,       2.37977318
    3082.000, 2.35761169,       0.34893899,       10.65070006,      110.94849489,     90.26595745,      55.02958627,      2.62995862,       2.00420586,       2.56529966
    3082.500, 2.24693405,       0.31233422,       11.56923380,      96.13000853,      90.26595745,      56.10858083,      2.62995862,       2.31528328,       2.62995862
    3083.000, 1.95336719,       0.33461538,       15.93355646,      76.50133659,      88.13829787,      57.52492286,      2.56529966,       2.56529966,       3.20948538
    3083.500, 1.95423973,       0.38713528,       15.90906842,      66.66139574,      78.56382979,      57.84325339,      4.11664587,       2.90530785,       4.11664587
    3084.000, 1.95335899,       0.38713528,       16.03151053,      64.70487311,      77.50000000,      58.47239024,      4.11664587,       3.29038118,       4.23046767
    3084.500, 1.94553087,       0.38236074,       16.16511789,      70.24319807,      76.43617021,      58.49228405,      4.54764706,       3.72649262,       4.00115902
    3085.000, 2.36214029,       0.38872679,       11.66510953,      107.74833516,     80.69148936,      57.64152503,      3.37331597,       4.32678316,       3.83632652
    3085.500, 2.44035863,       0.21749926,       11.91837242,      90.55915424,      80.15957447,      55.04409176,      5.15039819,       5.44955153,       5.41330414
    3086.000, 2.23196137,       0.19634435,       13.53333016,      64.37252097,      66.32978723,      51.71925393,      10.34054691,      8.21805609,       7.29780337
    3086.500, 1.93028606,       0.21489145,       14.24387508,      57.98188043,      64.20212766,      48.04540576,      9.36052626,       9.60317324,       9.10424272
    3087.000, 2.01633354,       0.12612732,       13.88028298,      42.47650326,      64.73404255,      43.52785499,      19.75261460,      9.59590808,       11.73833480
    3087.500, 2.35795714,       0.15636605,       13.28729278,      39.29321160,      57.81914894,      39.77412936,      17.01217045,      12.46305726,      11.69549145
    3088.000, 2.49008763,       0.11498674,       13.14750072,      39.45798966,      59.41489362,      36.12965547,      14.65193086,      14.65193086,      15.78800637
    3088.500, 2.47726355,       0.09907162,       13.02749695,      29.56783210,      59.41489362,      32.76842303,      27.09430412,      18.31204912,      19.75261460
    3089.000, 2.41951633,       0.12290439,       12.71190439,      26.23350239,      54.62765957,      33.46727142,      32.50819823,      19.95933566,      21.28418488
    3089.500, 2.39401354,       0.12894078,       12.67581093,      55.32243304,      59.94680851,      32.85413356,      15.17131622,      10.17878975,      18.33125327
    3090.000, 2.43320233,       0.07679045,       12.16277540,      35.48214654,      63.12008186,      32.08686886,      13.26330074,      10.08631897,      13.76790414
    3090.500, 2.18962146,       0.18342175,       13.74432516,      52.72710305,      67.89831159,      30.26918793,      14.29170521,      4.01543591,       10.08631897
    3091.000, 1.96299941,       0.22798408,       14.21563090,      79.51101906,      78.03191489,      29.51030687,      2.69624731,       3.05361148,       2.83387929
    3091.500, 1.97664940,       0.18023873,       13.58657619,      84.77576007,      82.28723404,      32.66150937,      3.91671425,       3.82041971,       3.37331597
    3092.000, 2.11694754,       0.23753316,       13.75284467,      110.51501902,     69.45100254,      33.13606246,      5.98006179,       5.28021513,       4.90026069
    3092.500, 2.33381038,       0.25351658,       12.55113541,      111.45986507,     65.78452669,      28.74207508,      4.27326401,       5.98006179,       5.83303874
    3093.000, 2.25771044,       0.18940940,       8.91170868,       31.81444202,      78.59233495,      15.91027848,      8.26506383,       6.13079059,       6.11734498
    3093.500, 2.21188926,       0.19774536,       8.70968307,       19.48809418,      84.32638905,      1.07847459,       7.48174615,       4.77978513,       6.93650596
    3094.000, 2.20882992,       0.19933687,       8.76245573,       20.36297475,      86.54255319,      -5.94963097,      9.83834137,       5.15039819,       8.70453049
    3094.500, 2.21548314,       0.21206897,       8.68819494,       21.33289967,      84.94680851,      -6.84762639,      11.42317296,      4.54764706,       7.11838293
    3095.000, 2.22403294,       0.22957560,       8.55415626,       22.12841368,      86.01063830,      -8.24376501,      7.67032524,       4.01543591,       6.13079059
    3095.500, 2.23249871,       0.23753316,       8.55335719,       23.39527240,      88.13829787,      -8.48978072,      8.90591702,       4.54764706,       6.28531854
    3096.000, 2.22427707,       0.22957560,       8.55376344,       23.90796341,      88.13829787,      -9.88157090,      9.36052626,       5.54974769,       8.26506383
    3096.500, 2.20727347,       0.22480106,       8.55376344,       21.12079047,      92.39361702,      -11.08390936,     15.39984970,      9.36052626,       11.14232807
    3097.000, 2.18579336,       0.21206897,       8.55376344,       18.01852743,      89.20212766,      -13.50544462,     21.28418488,      15.78800637,      33.13456951
    3097.500, 2.17989110,       0.20251989,       8.55357555,       16.40310601,      87.60638298,      -15.09197142,     28.93728643,      19.75261460,      46.16099787
    3098.000, 2.18743715,       0.21226052,       8.54566859,       16.37260145,      87.07446809,      -17.35047609,     19.26698590,      12.61914689,      34.79683240
    3098.500, 2.19585171,       0.21537030,       8.97411861,       20.75865964,      89.73404255,      -19.01152301,     15.39984970,      7.86365751,       16.59391704
    3099.000, 2.19020136,       0.20888594,       9.09635541,       20.49242050,      87.07446809,      -18.94557706,     13.59760522,      5.02377286,       8.47338662
    3099.500, 2.15888253,       0.22002653,       8.85633634,       16.42469049,      89.20212766,      -18.75244455,     9.13039266,       4.22040686,       7.48174615
    3100.000, 2.46809677,       0.05132626,       9.00744895,       15.49037307,      87.60638298,      -17.26138760,     8.90591702,       11.71109660,      12.30889834
    3100.500, 1.99206497,       0.14522546,       9.10675465,       19.62936168,      63.13829787,      -16.55857511,     67.67710307,      20.25048370,      33.96069111
    3101.000, 1.96179776,       0.20888594,       9.30810668,       22.96655752,      74.30851064,      -16.59434687,     21.82065754,      15.95002236,      20.75261248
    3101.500, 2.13336221,       0.22480106,       9.62813100,       22.21249794,      91.32978723,      -16.32757646,     18.79329663,      9.13526424,       21.28418488
    3102.000, 2.11445417,       0.22798408,       9.67721846,       17.23217752,      89.46808511,      -16.92187652,     17.51438055,      8.06186277,       17.44096603
    3102.500, 2.09615193,       0.21684350,       9.73890562,       17.77393547,      92.39361702,      -17.33855621,     18.86585043,      8.90591702,       19.75261460
    3103.000, 1.94999398,       0.22002653,       9.73861900,       19.69766648,      87.60638298,      -17.74260856,     13.59760522,      7.03033373,       15.78800637
    3103.500, 2.14517495,       0.20729443,       9.55648090,       19.75922418,      84.94680851,      -18.14298481,     8.47338662,       5.54974769,       10.08631897
    3104.000, 2.13137687,       0.20729443,       9.53651029,       17.66700037,      88.67021277,      -18.24109299,     4.77978513,       3.63487479,       3.91671425
    3104.500, 2.32105071,       0.21525199,       9.21648559,       32.43037653,      89.73404255,      -16.44889783,     3.91671425,       2.76420683,       2.83387929
    3105.000, 2.28198721,       0.23275862,       8.88882250,       52.65536488,      89.20212766,      -12.73542970,     4.38097259,       2.69624731,       2.32217455
    3105.500, 2.31954089,       0.23594164,       8.76227029,       62.59598433,      85.47872340,      -7.52590047,      4.54764706,       2.83213215,       2.20939435
    3106.000, 2.36357563,       0.21286472,       8.76611222,       55.82239209,      85.47872340,      -6.48734104,      4.43584070,       2.83685195,       2.27201473
    3106.500, 2.36878650,       0.19297082,       8.76682010,       53.32493760,      85.42384825,      -6.02957607,      4.32678316,       2.76420683,       2.25651557
    3107.000, 2.34933627,       0.18183024,       8.87558019,       45.30076326,      83.36335177,      -6.41326775,      5.34634552,       3.01584053,       2.66756924
    3107.500, 2.30549186,       0.19297082,       8.87664792,       40.24409698,      81.75531915,      -6.14161719,      6.13079059,       3.63487479,       2.97853679
    3108.000, 2.35700967,       0.22559682,       8.87739561,       61.03542190,      84.94680851,      -2.81739073,      6.28531854,       4.90026069,       5.41330414
    3108.500, 2.55813298,       0.12135279,       8.93289564,       35.75939390,      72.18085106,      -2.89936988,      8.90591702,       8.26506383,       9.13039266
    3109.000, 2.39703687,       0.17864721,       8.95902996,       28.42271990,      61.54255319,      -8.49633985,      25.90177109,      13.94033591,      15.98573828
    3109.500, 2.19239040,       0.18819629,       9.07603819,       21.30784057,      79.23523936,      -12.68941047,     12.00627742,      14.29170521,      17.01217045
    3110.000, 2.24871161,       0.18978780,       9.08402410,       22.04472961,      86.57949324,      -15.32994543,     11.14232807,      10.60118272,      14.47069717
    3110.500, 2.28125124,       0.16273210,       8.82102358,       21.50589141,      79.51215178,      -17.32496408,     15.02123607,      10.86838791,      12.61914689
    3111.000, 2.24196749,       0.17068966,       8.52229681,       18.31387616,      78.56382979,      -18.77070746,     11.97978725,      11.28187665,      11.70515092
    3111.500, 2.25113064,       0.16909814,       8.39107196,       13.93200645,      78.56382979,      -18.36270104,     15.04432436,      12.30889834,      11.42115105
    3112.000, 2.24151324,       0.17068966,       8.39240656,       13.95451342,      81.75531915,      -19.30410505,     17.44096603,      12.94753976,      9.96493674
    3112.500, 2.23761487,       0.18183024,       8.39247312,       19.63541283,      83.88297872,      -21.37442897,     12.00627742,      8.87007269,       7.50533579
    3113.000, 2.25348017,       0.19774536,       8.39247312,       36.21489697,      83.86814733,      -22.38807480,     8.68676978,       6.94337364,       6.28531854
    3113.500, 2.24615068,       0.19774536,       8.39247312,       17.99182636,      82.24557349,      -22.95027847,     10.85487201,      6.13079059,       5.15039819
    3114.000, 2.24709509,       0.19137931,       8.39249644,       26.35244405,      83.88297872,      -23.78159513,     7.67032524,       5.76088831,       3.52818677
    3114.500, 2.25657310,       0.18342175,       8.38636824,       26.77800258,      83.35106383,      -23.80286350,     11.14232807,      3.63487479,       1.95709384
    3115.000, 2.27482673,       0.18342175,       8.48349893,       30.25234136,      81.79962267,      -23.25497560,     3.72649262,       0.83685770,       0.57608883
    3115.500, 2.13495996,       0.26777188,       9.02166387,       43.96616708,      80.65553984,      -17.59236327,     1.15662389,       0.53463455,       0.39657679
    3116.000, 1.97025711,       0.43965517,       11.22844636,      73.59380811,      84.45072673,      -1.95403978,      1.24630573,       0.65244440,       0.43809726
    3116.500, 1.95972742,       0.43965517,       10.87280739,      89.49761094,      96.64893617,      28.29212079,      3.60244958,       1.21566463,       1.13785135
    3117.000, 1.96830017,       0.37440318,       10.32620857,      70.02097696,      102.50000000,     33.56111112,      7.14984747,       4.67748269,       5.07954093
    3117.500, 1.95158867,       0.36167109,       10.18911435,      64.38048221,      99.30851064,      35.37972441,      5.68963033,       4.38690197,       5.03271641
    3118.000, 1.95987816,       0.44975503,       10.59960271,      74.69363032,      109.94680851,     38.94669584,      5.02377286,       3.04849690,       4.21325279
    3118.500, 2.06056493,       0.39042951,       9.90529783,       87.47630129,      118.45744681,     44.25227190,      4.22040686,       3.63487479,       4.22452056
    3119.000, 2.14140874,       0.29641910,       9.73309216,       86.15543054,      91.86170213,      44.81850248,      5.02377286,       4.32678316,       4.22040686
    3119.500, 2.19695320,       0.32029178,       9.75165066,       87.67609313,      85.47872340,      39.97824183,      5.98006179,       4.54764706,       4.90026069
    3120.000, 2.16385645,       0.40895711,       9.78977298,       94.09959292,      90.00000000,      29.04789482,      4.90026069,       4.13691163,       3.41556401
    3120.500, 2.37192107,       0.24685637,       9.14867153,       56.01003009,      94.52127660,      18.82883063,      3.54550943,       1.20437337,       1.63886624
    3121.000, 2.35385506,       0.23106729,       8.75093334,       42.81873014,      83.88297872,      3.46978697,       1.18577685,       0.70303337,       0.60549572
    3121.500, 2.36924509,       0.21667836,       8.55051729,       39.67587086,      80.69148936,      -7.83277209,      1.44706972,       0.57608883,       0.48396480
    3122.000, 2.38079209,       0.20231791,       8.46122375,       38.22488082,      80.69148936,      -12.50204851,     1.68017423,       0.43809726,       0.49616325
    3122.500, 2.29088366,       0.19727720,       8.38423109,       21.58290124,      80.95744681,      -15.74606773,     0.62853185,       0.27300156,       0.26299586
    3123.000, 2.27239076,       0.20548078,       8.49712150,       14.98470994,      81.75946936,      -11.74369711,     0.47206627,       0.20760902,       0.20250484
    3123.500, 2.26750311,       0.21717929,       8.55255520,       14.84083682,      82.84384493,      -5.76115638,      0.57608883,       0.20250484,       0.20250484
    3124.000, 2.26290052,       0.21337016,       8.55497457,       13.08028337,      80.15957447,      -4.43056665,      0.41682035,       0.21820658,       0.21820658
    3124.500, 2.24770306,       0.23912467,       8.49589858,       16.40222450,      81.22340426,      -3.75431346,      0.49616325,       0.24712796,       0.25974279
    3125.000, 2.26828115,       0.20729443,       8.50042214,       14.06597656,      80.69148936,      -8.63382374,      0.39657679,       0.24712796,       0.25335688
    3125.500, 2.27319196,       0.19615385,       8.49627506,       13.97771668,      79.62765957,      -9.35484614,      0.48396480,       0.23512579,       0.24105219
    3126.000, 2.27277603,       0.19456233,       8.40104071,       14.84162958,      82.81914894,      -4.58164909,      0.52149027,       0.21284185,       0.22370652
    3126.500, 2.26904333,       0.21206897,       8.28182198,       15.72107661,      81.22340426,      0.40304147,       0.46048775,       0.20760902,       0.21284185
    3127.000, 2.27909154,       0.19774536,       8.28504723,       15.07892919,      79.09574468,      1.30074397,       0.47159615,       0.21820658,       0.20760902
    3127.500, 2.28376086,       0.19456233,       8.25691971,       13.52992685,      78.56382979,      -1.64217893,      0.52149027,       0.23512579,       0.24105219
    3128.000, 2.28377665,       0.20704549,       8.17448333,       12.55212489,      79.09574468,      -5.22530281,      0.41682035,       0.24712796,       0.24712796
    3128.500, 2.28377660,       0.18829091,       8.17700090,       15.77477330,      79.09574468,      -8.23292249,      0.56192538,       0.24105219,       0.25335688
    3129.000, 2.28381993,       0.18819629,       8.17842626,       15.72072865,      78.03191489,      -13.34872660,     0.52204053,       0.24105219,       0.24712796
    3129.500, 2.28394618,       0.21380808,       8.23359744,       14.19740278,      76.96808511,      -9.32881217,      0.42732640,       0.24105219,       0.22302364
    3130.000, 2.27174926,       0.19582475,       8.27257198,       13.32151514,      78.03191489,      -9.24986014,      0.50866915,       0.24024305,       0.22415732
    3130.500, 2.21977347,       0.25009428,       8.28424419,       26.90307705,      82.81914894,      -13.08910392,     0.47206627,       0.25437060,       0.22369022
    3131.000, 2.10492820,       0.28534112,       8.28515611,       27.72794458,      88.67021277,      -15.19187466,     0.36803986,       0.27400398,       0.29416945
    3131.500, 2.08486322,       0.28230185,       8.28038291,       24.36233905,      95.58510638,      -14.12450837,     0.38682674,       0.28786653,       0.26628967
    3132.000, 2.24558161,       0.21263752,       8.33706128,       15.71901897,      93.98936170,      -12.31722326,     0.32496816,       0.24105219,       0.24105219
    3132.500, 2.25970714,       0.21526585,       8.39136496,       13.99093076,      78.03191489,      -8.39344782,      0.31697864,       0.21284185,       0.21284185
    3133.000, 2.25712748,       0.22161804,       8.39233639,       13.24015665,      80.15957447,      -12.28949467,     0.40657260,       0.20760902,       0.20760902
    3133.500, 2.26192451,       0.20729443,       8.39247312,       12.38832294,      80.15957447,      -14.09833649,     0.47206627,       0.21284185,       0.20760902
    3134.000, 2.28531692,       0.20411141,       8.39247312,       12.19346059,      78.55961204,      -18.20325097,     0.41781223,       0.21820658,       0.22370595
    3134.500, 2.28367984,       0.21684350,       8.39293503,       17.39037042,      78.04162106,      -18.15521854,     0.35907567,       0.22350163,       0.22316902
    3135.000, 2.26819829,       0.20729443,       8.39606611,       15.56047029,      78.51745623,      -18.14273768,     0.35016541,       0.22370652,       0.22320203
    3135.500, 2.27354141,       0.21053017,       8.34316219,       16.96749683,      80.17967785,      -18.12048592,     0.36803986,       0.24105219,       0.21820658
    3136.000, 2.29105632,       0.20719421,       8.45210548,       29.74601904,      80.13892977,      -17.07142921,     0.53463455,       0.27300156,       0.27988263
    3136.500, 2.26027573,       0.20888594,       8.28566118,       21.39952607,      79.14092159,      -14.30170370,     0.36803986,       0.24712796,       0.25974279
    3137.000, 2.26431224,       0.21525199,       8.28410709,       20.28729120,      79.08673350,      -15.29894970,     0.35016541,       0.24105219,       0.22650826
    3137.500, 2.27252799,       0.21843501,       8.25802787,       19.58715595,      79.07551704,      -16.54942714,     0.33315905,       0.21284185,       0.21284185
    3138.000, 2.26431882,       0.22161804,       8.22989516,       18.60216932,      79.93435092,      -16.65207714,     0.31697864,       0.20760902,       0.20760902
    3138.500, 2.24328743,       0.22798408,       8.28798846,       18.04262656,      81.22312411,      -10.28418665,     0.24637453,       0.21357259,       0.20250484
    3139.000, 2.22202587,       0.23116711,       8.28440161,       21.19534925,      82.80349535,      -3.94874782,      0.26124828,       0.21910158,       0.19752615
    3139.500, 2.31443082,       0.18342175,       8.57304272,       28.76292196,      82.90517632,      4.85289892,       0.26054502,       0.21732692,       0.23512579
    3140.000, 2.15472755,       0.37837828,       9.59397961,       83.17487679,      73.57905248,      8.91702304,       3.80856986,       0.65244440,       0.53463455
    3140.500, 2.14347677,       0.41923617,       10.10166293,      90.80106220,      89.20212766,      21.04905005,      3.76885914,       2.50223038,       6.44374141
    3141.000, 2.35878273,       0.21572944,       9.60226177,       82.56978021,      93.98936170,      23.91124762,      4.32678316,       5.15039819,       8.68696023
    3141.500, 2.40373594,       0.20251989,       8.81682038,       37.98167044,      87.07446809,      5.58396059,       4.32678316,       1.76593999,       2.26508263
    3142.000, 2.30620471,       0.17864721,       8.40676429,       29.38208601,      80.10893342,      -13.81061861,     2.29345094,       1.03405469,       1.06011827
    3142.500, 2.29698244,       0.18660477,       8.31046205,       22.72772195,      79.68166363,      -21.20882625,     1.81045091,       0.70303337,       0.68574892
    3143.000, 2.27691995,       0.19137931,       8.39355729,       17.87940090,      82.81914894,      -23.52373236,     0.91303927,       0.45476471,       0.45476471
    3143.500, 2.25669215,       0.18660477,       8.39486066,       14.78309082,      83.88297872,      -20.51998297,     0.66888941,       0.31697864,       0.28693713
    3144.000, 2.24320673,       0.21206897,       8.44412481,       15.70678468,      82.28723404,      -18.96097359,     0.36850279,       0.25974279,       0.20250484
    3144.500, 2.25460184,       0.21047745,       8.44636702,       15.61919619,      83.35106383,      -17.06737287,     0.46086744,       0.25335688,       0.21820658
    3145.000, 2.24642072,       0.21525199,       8.44627320,       16.51193414,      81.22340426,      -14.73883508,     0.47206627,       0.24723050,       0.23221745
    3145.500, 2.24889004,       0.22642849,       8.44758441,       16.48614829,      82.81914894,      -11.52376766,     0.30918555,       0.23493440,       0.23512579
    3146.000, 2.23274406,       0.23116725,       8.38837170,       15.66084887,      83.88297872,      -5.64675567,      0.36803986,       0.22986659,       0.21550752
    3146.500, 2.23948865,       0.23753316,       8.39263434,       15.65448597,      84.41489362,      -1.01878582,      0.32496816,       0.20250484,       0.20250484
    3147.000, 2.24475596,       0.22957560,       8.39247312,       15.03976248,      84.41489362,      1.19997895,       0.37264926,       0.20228609,       0.19752615
    3147.500, 2.23022263,       0.23116711,       8.39247312,       14.22930967,      83.88297872,      2.58337472,       0.46401790,       0.19703552,       0.19801692
    3148.000, 2.24605606,       0.22957560,       8.39247312,       14.01877203,      86.01063830,      1.24392878,       0.30870106,       0.19744327,       0.19221695
    3148.500, 2.25431388,       0.22798408,       8.39247312,       16.63009368,      86.54255319,      0.60286041,       0.31607202,       0.19752615,       0.20254574
    3149.000, 2.23661596,       0.23435013,       8.39247312,       19.08860435,      84.41489362,      9.26651303,       0.42292307,       0.24105219,       0.24755558
    3149.500, 2.23762326,       0.23594164,       8.39247312,       19.72770062,      82.81914894,      10.98643547,      0.57608883,       0.24105219,       0.24755765
    3150.000, 2.24359089,       0.24151194,       8.39247312,       14.98775772,      82.28723404,      4.76223742,       0.38682674,       0.21284185,       0.22934509
    3150.500, 2.26456178,       0.21366048,       8.39231190,       12.43920612,      84.93297885,      -0.56998439,      0.41682035,       0.20250484,       0.19266986
    3151.000, 2.25438716,       0.21366048,       8.39657454,       13.40178477,      83.88394616,      -4.72669982,      0.54811014,       0.19752615,       0.20250484
    3151.500, 2.25392409,       0.21366048,       8.33736182,       17.52312694,      83.36745855,      -6.20199786,      0.35161665,       0.19752615,       0.21284185
    3152.000, 2.24718268,       0.21525199,       8.33880349,       18.10102245,      82.28723404,      -6.16166746,      0.34854861,       0.22370652,       0.22370652
    3152.500, 2.25414818,       0.22320955,       8.33659793,       17.05870926,      82.81914894,      -3.49839583,      0.35891023,       0.22934509,       0.23512579
    3153.000, 2.22261968,       0.23622373,       8.28705798,       13.82020871,      83.88297872,      -6.80792643,      0.63640370,       0.19752615,       0.20760902
    3153.500, 2.21751373,       0.24218768,       8.28481578,       14.02588871,      85.47872340,      -6.06446857,      0.31697864,       0.20760902,       0.20760902
    3154.000, 2.20510800,       0.23124613,       8.28494624,       19.84895203,      86.54255319,      -5.10958593,      0.44847592,       0.22366443,       0.19752615
    3154.500, 2.21851974,       0.23471547,       8.28494624,       21.30858798,      90.79787234,      -10.05337013,     0.53636999,       0.24156559,       0.24105219
    3155.000, 2.26785227,       0.21517151,       8.28505880,       19.82027671,      86.54255319,      -7.79600186,      0.37175045,       0.24057593,       0.21271725
    3155.500, 2.26794509,       0.21363474,       8.28146156,       21.10324966,      79.62765957,      -6.81188119,      0.40658100,       0.22934509,       0.20741273
    3156.000, 2.27442141,       0.19809598,       8.35098412,       20.44602308,      80.73996571,      -11.50393638,     0.73981626,       0.24105219,       0.24105219
    3156.500, 2.38030678,       0.14840849,       8.46417223,       16.22031823,      79.53633896,      -11.77646281,     0.38301056,       0.32496816,       0.34155640
    3157.000, 2.35839316,       0.11976127,       8.88521511,       33.27544953,      73.82025495,      -7.47886347,      3.42901884,       0.77663898,       1.44706972
    3157.500, 2.33186939,       0.15795756,       8.98366379,       62.69527991,      71.11702128,      -6.85137337,      7.57544892,       3.63487479,       4.96163246
    3158.000, 2.41635531,       0.16591512,       8.99461585,       60.48494022,      73.24468085,      -6.84336674,      9.13039266,       5.02377286,       6.13079059
    3158.500, 2.41069928,       0.17091128,       8.74918645,       48.83401106,      74.30851064,      -10.89654506,     9.83834137,       3.54550943,       3.91671425
    3159.000, 2.34487868,       0.19158013,       8.59443453,       34.76527792,      76.96808511,      -17.13271785,     3.63487479,       1.52093648,       1.12818766
    3159.500, 2.25986789,       0.21991509,       8.50213571,       23.77439886,      82.81914894,      -21.42681000,     0.94874916,       0.46046026,       0.42732640
    3160.000, 2.23756268,       0.22798408,       8.44001987,       21.32873927,      82.28723404,      -16.45484540,     0.43727764,       0.30158405,       0.24105219
    3160.500, 2.24909775,       0.24071618,       8.52180003,       21.32810090,      82.81914894,      -10.85014887,     0.46046026,       0.25974279,       0.21284185
    3161.000, 2.26666669,       0.19297082,       8.50395746,       19.88863251,      80.42553191,      -6.71998570,      0.66888941,       0.24712796,       0.21284185
    3161.500, 2.27304544,       0.20729443,       8.40632013,       18.31151201,      77.54450915,      -6.29349193,      0.41682035,       0.22370652,       0.22370652
    3162.000, 2.27296991,       0.20251989,       8.39266608,       15.02682244,      76.39996012,      -7.31795216,      0.32903812,       0.21284185,       0.21319268
    3162.500, 2.26983923,       0.20331565,       8.46328671,       12.09565366,      76.41660503,      -4.53831033,      0.31697864,       0.20250484,       0.20239880
    3163.000, 2.29089081,       0.18819629,       8.49585706,       11.80763799,      75.37234043,      -4.38855874,      0.40657260,       0.20760902,       0.20245412
    3163.500, 2.29176564,       0.18978780,       8.55225294,       13.08266724,      75.37234043,      -11.76775923,     0.44913960,       0.20250484,       0.20160055
    3164.000, 2.29200498,       0.21366048,       8.60639540,       14.04850178,      75.37234043,      -12.51779356,     0.48396480,       0.24105219,       0.24407117
    3164.500, 2.35042770,       0.16750663,       8.61225229,       15.59638793,      73.77659574,      -9.83682720,      0.33315905,       0.26628967,       0.30158405
    3165.000, 2.32623559,       0.22161804,       8.50867452,       16.47418967,      72.18085106,      -8.53065834,      0.68574892,       0.33380113,       0.34155640
    3165.500, 2.22386218,       0.24549072,       8.43634464,       16.44555591,      78.29787234,      -8.67758926,      0.43809726,       0.29026999,       0.33315905
    3166.000, 2.20912176,       0.22559682,       8.39085523,       16.05006645,      82.28723404,      -8.70015775,      0.38682674,       0.23512579,       0.25022304
    3166.500, 2.22450423,       0.22480106,       8.28285355,       15.03732737,      83.61702128,      -11.82279788,     0.42732640,       0.20760902,       0.22093943
    3167.000, 2.24275250,       0.21525199,       8.30746836,       15.12896573,      82.28723404,      -7.86643063,      0.33315905,       0.19752615,       0.19695426
    3167.500, 2.29645697,       0.18819629,       8.44633350,       16.70851069,      80.42553191,      -4.84087260,      0.28693713,       0.19752615,       0.19710784
    3168.000, 2.49864123,       0.27652520,       8.92854739,       44.07251501,      75.10638298,      4.48529327,       0.65244440,       0.37264926,       0.22676132
    3168.500, 2.33745565,       0.30437666,       9.25346795,       78.13948168,      75.41350159,      16.90231836,      3.63487479,       2.59453868,       1.04210046
    3169.000, 2.41030553,       0.24215209,       9.30853224,       48.14651622,      88.38725547,      25.69523865,      2.44071170,       2.43222787,       3.07905652
    3169.500, 2.43520809,       0.28933136,       9.29389925,       68.39080243,      85.99685976,      27.11009917,      2.26508263,       2.44071170,       2.86937132
    3170.000, 2.34291024,       0.31074271,       9.74062825,       87.75899474,      78.02968712,      33.01865927,      2.62995862,       2.62995862,       2.50223038
    3170.500, 2.33067259,       0.32824934,       9.63732084,       83.29024091,      83.88297872,      35.02399908,      2.76420683,       2.69624731,       2.97853679
    3171.000, 2.37448977,       0.36597317,       9.46311906,       86.77176130,      84.41489362,      32.60352661,      2.90132539,       2.90681923,       2.76420683
    3171.500, 2.37240661,       0.39754567,       9.36888723,       101.35029128,     83.88297872,      24.16583764,      3.72649262,       3.39045003,       2.83387929
    3172.000, 2.36705363,       0.24389920,       9.04545287,       57.35093207,      86.01063830,      18.52370056,      4.32678316,       2.82581471,       1.41149273
    3172.500, 2.39255431,       0.19889352,       8.85108240,       31.76083140,      81.22340426,      7.53861277,       1.15662389,       0.83484169,       0.94777592
    3173.000, 2.45689153,       0.26011016,       9.26306102,       76.95514571,      78.48882217,      4.91362368,       3.13057844,       0.83489224,       0.85795089
    3173.500, 2.50584704,       0.33014798,       9.41616565,       88.42277468,      76.46041952,      28.19709924,      5.15039819,       1.50830919,       1.37679041
    3174.000, 2.35565617,       0.38395225,       9.51170327,       92.31896566,      81.22340426,      44.45715476,      4.32678316,       3.45612613,       3.13057844
    3174.500, 2.34540904,       0.31392573,       9.52143235,       92.81508716,      84.94680851,      47.44604438,      4.77978513,       4.92824406,       4.43584070
    3175.000, 2.39807794,       0.39190981,       9.52078738,       100.87677564,     83.35106383,      45.71062008,      6.44374141,       5.15039819,       5.68963033
    3175.500, 2.58640637,       0.33461538,       9.41122599,       95.92004798,      84.94680851,      40.00091117,      4.77978513,       4.54764706,       4.11664587
    3176.000, 2.55972863,       0.17228117,       9.27995526,       95.85297169,      81.48936170,      29.41531262,      3.72649262,       3.37331597,       2.69624731
    3176.500, 2.45879994,       0.16273210,       8.76912660,       95.84944283,      80.15957447,      22.19420956,      3.63487479,       2.69624731,       2.05041045
    3177.000, 2.45863355,       0.23912467,       9.07353852,       95.82958282,      79.09574468,      17.34744197,      4.66227153,       2.56292700,       1.95082892
    3177.500, 2.44498258,       0.30596817,       9.10833974,       97.68749338,      80.15957447,      21.17132912,      3.91671425,       2.62563360,       2.07609017
    3178.000, 2.43460882,       0.26299735,       8.94184969,       98.23750060,      76.43617021,      26.98715595,      5.28021513,       4.04916877,       2.38070548
    3178.500, 2.34568554,       0.36326260,       9.33837146,       98.30891338,      81.75531915,      33.83529017,      6.13079059,       3.84614005,       3.45834116
    3179.000, 2.30963505,       0.35848806,       10.14829365,      97.47699072,      88.67021277,      42.43187479,      4.01543591,       3.53443579,       4.01543591
    3179.500, 2.33283908,       0.35053050,       10.27021100,      97.45017618,      85.47872340,      48.19017147,      4.44630336,       3.71198075,       4.02455924
    3180.000, 2.38721773,       0.35530504,       10.06783429,      96.07177357,      88.13829787,      51.31188026,      4.78093547,       3.73413824,       3.91059967
    3180.500, 2.39223247,       0.35689655,       10.13627565,      95.39127850,      84.94680851,      53.74641554,      4.32754491,       3.83025027,       4.00701566
    3181.000, 2.38939990,       0.35689655,       10.17072089,      14.59770152,      87.07446809,      55.26072091,      4.33802059,       3.92716431,       4.12540697
    3181.500, 2.44577652,       0.35689655,       10.04987248,      10.16896351,      85.47872340,      54.91956154,      4.44554933,       3.91288610,       4.00187778
    3182.000, 2.81386844,       0.36030924,       9.99570093,       3.42199340,       79.09574468,      48.14769925,      4.43584070,       3.82041971,       3.37331597
    3182.500, 2.77818535,       0.36632126,       9.64238130,       3.13454636,       74.84042553,      40.59791270,      3.45001181,       3.58991404,       3.05361148
    3183.000, 2.82362122,       0.36803714,       9.29466597,       2.83216783,       78.03191489,      31.02476886,      3.44014902,       3.37331597,       3.63487479
    3183.500, 2.68788885,       0.36644562,       9.36126701,       2.52758432,       66.86170213,      30.50317460,      8.84676336,       4.54764706,       4.11664587
    3184.000, 2.65771182,       0.36485411,       9.35204886,       2.22194091,       68.45744681,      33.27903217,      4.01543591,       4.55988946,       3.20948538
    3184.500, 2.65785865,       0.36485411,       9.35190288,       2.22272858,       79.09574468,      28.63216882,      3.37331597,       2.15509909,       2.20939435
    3185.000, 2.65785865,       0.36485411,       9.35190288,       2.22272858,       82.83675233,      29.70723825,      3.05361148,       1.71926361,       1.72252340
    3185.500, -999.25000000,    -999.25000000,    -999.25000000,    -999.25000000,    81.21858813,      38.43510187,      2.83387929,       2.05012419,       2.00000000
    3186.000, -999.25000000,    -999.25000000,    -999.25000000,    -999.25000000,    83.88297872,      46.62898677,      3.37331597,       2.50223038,       2.32217455
    3186.500, -999.25000000,    -999.25000000,    -999.25000000,    -999.25000000,    88.67021277,      53.67384534,      3.63487479,       2.97853679,       3.20948538
    3187.000, -999.25000000,    -999.25000000,    -999.25000000,    -999.25000000,    91.32978723,      52.87089043,      3.72649262,       3.13057844,       3.20948538
    3187.500, -999.25000000,    -999.25000000,    -999.25000000,    -999.25000000,    92.65957447,      49.70015413,      3.72649262,       3.13057844,       3.20948538
    3188.000, -999.25000000,    -999.25000000,    -999.25000000,    -999.25000000,    83.35106383,      37.72948278,      4.54764706,       4.22040686,       2.90530785
    3188.500, -999.25000000,    -999.25000000,    -999.25000000,    -999.25000000,    71.64893617,      26.78340313,      7.67032524,       3.45834116,       2.32228884
    3189.000, -999.25000000,    -999.25000000,    -999.25000000,    -999.25000000,    77.50000000,      13.46126356,      4.01543591,       2.44071170,       1.75952872
    3189.500, -999.25000000,    -999.25000000,    -999.25000000,    -999.25000000,    80.15957447,      9.24271121,       2.97853679,       2.20131614,       1.72252340
    3190.000, -999.25000000,    -999.25000000,    -999.25000000,    -999.25000000,    58.88297872,      16.33901565,      17.44096603,      4.37159779,       2.38070548
    3190.500, -999.25000000,    -999.25000000,    -999.25000000,    -999.25000000,    56.22340426,      25.12107527,      9.59646043,       4.36600052,       2.56529966
    3191.000, -999.25000000,    -999.25000000,    -999.25000000,    -999.25000000,    80.95744681,      30.81705844,      2.10209151,       1.95082892,       1.72252340
    3191.500, -999.25000000,    -999.25000000,    -999.25000000,    -999.25000000,    88.17180179,      36.58338615,      1.63886624,       1.95082892,       1.48354343
    3192.000, -999.25000000,    -999.25000000,    -999.25000000,    -999.25000000,    75.02712154,      46.08451064,      3.58991404,       2.75719562,       2.94169446
    3192.500, -999.25000000,    -999.25000000,    -999.25000000,    -999.25000000,    69.52127660,      46.45056070,      6.13079059,       3.91671425,       4.22040686
    3193.000, -999.25000000,    -999.25000000,    -999.25000000,    -999.25000000,    71.64893617,      42.48037971,      4.54764706,       4.96163246,       4.43584070
    3193.500, -999.25000000,    -999.25000000,    -999.25000000,    -999.25000000,    64.73404255,      32.64675873,      12.00627742,      5.15039819,       3.13057844
    3194.000, -999.25000000,    -999.25000000,    -999.25000000,    -999.25000000,    65.26595745,      21.48443039,      3.01584053,       3.09185547,       2.09124674
    3194.500, -999.25000000,    -999.25000000,    -999.25000000,    -999.25000000,    88.13829787,      21.36872388,      2.20939435,       1.81045091,       1.34354852
    3195.000, -999.25000000,    -999.25000000,    -999.25000000,    -999.25000000,    86.01063830,      24.71585398,      2.37903752,       1.24630573,       0.99615586
    3195.500, -999.25000000,    -999.25000000,    -999.25000000,    -999.25000000,    96.64893617,      32.31796197,      1.55506821,       1.02126419,       0.99615586
    3196.000, -999.25000000,    -999.25000000,    -999.25000000,    -999.25000000,    98.77659574,      38.95917570,      1.27057011,       1.55174791,       1.30992434
    3196.500, -999.25000000,    -999.25000000,    -999.25000000,    -999.25000000,    76.96808511,      28.64514520,      2.90530785,       2.87748639,       2.44071170
    3197.000, -999.25000000,    -999.25000000,    -999.25000000,    -999.25000000,    57.28723404,      19.45148746,      18.33125327,      7.67032524,       10.62741018
    3197.500, -999.25000000,    -999.25000000,    -999.25000000,    -999.25000000,    56.75531915,      9.06715903,       33.13456951,      12.93721532,      12.36816984
    3198.000, -999.25000000,    -999.25000000,    -999.25000000,    -999.25000000,    56.75531915,      -2.99195762,      17.01217045,      10.86838791,      9.60570359
    3198.500, -999.25000000,    -999.25000000,    -999.25000000,    -999.25000000,    59.41489362,      -9.28532060,      13.94033591,      9.57666944,       7.86307547
    3199.000, -999.25000000,    -999.25000000,    -999.25000000,    -999.25000000,    56.75531915,      -3.68874922,      22.37065212,      9.59759322,       7.46006134
    3199.500, -999.25000000,    -999.25000000,    -999.25000000,    -999.25000000,    56.75531915,      -3.68890269,      15.39984970,      10.72330036,      9.29196996
    3200.000, -999.25000000,    -999.25000000,    -999.25000000,    -999.25000000,    56.75531915,      -3.68890269,      15.39984970,      10.72330036,      9.29196996